FounderExperience,TeamSize,FundingAmount,MarketSize,InnovationScore,MarketingBudget,CompetitionLevel,IndustryType,FounderEducation,ProductStage,RevenueGrowth,Prediction
5,10,5.0,5,6,3.0,5,1,1,2,20,0.35554741893626496
5,17,14.15,5,6,7.5,7,1,1,2,34,0.4149043980596091
10,28,20.81,3,6,13.94,4,1,1,2,7,0.5547193800293067
10,28,20.81,3,6,13.94,4,1,1,2,7,0.5547193800293067
10,13,11.93,4,8,19.92,7,1,1,2,51,0.5531094096571288
15,13,11.93,4,8,19.92,7,1,1,2,51,0.5925560657628378
13,25,16.37,6,4,15.63,4,1,1,2,27,0.593646912467412
5,15,28.48,8,7,24.21,7,1,1,2,76,0.6579860523754865
9,22,30.3,7,8,22.06,8,1,1,2,57,0.6690953548720037
